Workbook

Sheet Session Summary
A1: session id | B1: date | C1: auditory training length | D1: visual training length | E1: started | F1: last updated | G1: decay d | H1: auditory weighted sum | I1: auditory weight sum | J1: visual weighted sum | K1: visual weight sum
A2: 227177 | B2: 07082026 | C2: =IFERROR(AVERAGEIF('Training Runs'!$C:$C,"*auditory*",'Training Runs'!$G:$G),"") | D2: =IFERROR(AVERAGEIF('Training Runs'!$C:$C,"*visual*",'Training Runs'!$G:$G),"") | E2: 2026-08-07 10:26:47 | F2: 2026-08-07 10:27:23 | G2: 0.7 | H2: ='Training Runs'!L7 | I2: ='Training Runs'!M7 | J2: ='Training Runs'!O7 | K2: ='Training Runs'!P7
B6: auditory accuracy | C6: visual accuracy | D6: auditory weighted | E6: visual weighted | F6: timestamp
B7: =IF(ISNUMBER(SEARCH("auditory",'Training Runs'!C2)),'Training Runs'!I2,"") | C7: =IF(ISNUMBER(SEARCH("visual",'Training Runs'!C2)),'Training Runs'!I2,"") | D7: ='Training Runs'!N2 | E7: ='Training Runs'!Q2 | F7: 10:26:54
B8: =IF(ISNUMBER(SEARCH("auditory",'Training Runs'!C3)),'Training Runs'!I3,"") | C8: =IF(ISNUMBER(SEARCH("visual",'Training Runs'!C3)),'Training Runs'!I3,"") | D8: ='Training Runs'!N3 | E8: ='Training Runs'!Q3 | F8: 10:27:00
B9: =IF(ISNUMBER(SEARCH("auditory",'Training Runs'!C4)),'Training Runs'!I4,"") | C9: =IF(ISNUMBER(SEARCH("visual",'Training Runs'!C4)),'Training Runs'!I4,"") | D9: ='Training Runs'!N4 | E9: ='Training Runs'!Q4 | F9: 10:27:06
B10: =IF(ISNUMBER(SEARCH("auditory",'Training Runs'!C5)),'Training Runs'!I5,"") | C10: =IF(ISNUMBER(SEARCH("visual",'Training Runs'!C5)),'Training Runs'!I5,"") | D10: ='Training Runs'!N5 | E10: ='Training Runs'!Q5 | F10: 10:27:12
B11: =IF(ISNUMBER(SEARCH("auditory",'Training Runs'!C6)),'Training Runs'!I6,"") | C11: =IF(ISNUMBER(SEARCH("visual",'Training Runs'!C6)),'Training Runs'!I6,"") | D11: ='Training Runs'!N6 | E11: ='Training Runs'!Q6 | F11: 10:27:18
B12: =IF(ISNUMBER(SEARCH("auditory",'Training Runs'!C7)),'Training Runs'!I7,"") | C12: =IF(ISNUMBER(SEARCH("visual",'Training Runs'!C7)),'Training Runs'!I7,"") | D12: ='Training Runs'!N7 | E12: ='Training Runs'!Q7 | F12: 10:27:23
A14: Raw average | B14: =IFERROR(AVERAGEIF('Training Runs'!$C:$C,"*auditory*",'Training Runs'!$I:$I),"") | C14: =IFERROR(AVERAGEIF('Training Runs'!$C:$C,"*visual*",'Training Runs'!$I:$I),"")
A15: Weighted average | D15: ='Training Runs'!N7 | E15: ='Training Runs'!Q7

Sheet Training Runs
A1: session id | B1: date | C1: training type | D1: run | E1: started timestamp | F1: ended timestamp | G1: duration seconds | H1: focused seconds | I1: focused percentage | J1: auditory run index | K1: visual run index | L1: auditory weighted sum | M1: auditory weight sum | N1: auditory weighted average | O1: visual weighted sum | P1: visual weight sum | Q1: visual weighted average | R1: hrv threshold
A2: 227177 | B2: 07082026 | C2: AuditoryTraining | D2: 1 | E2: 2026-08-07 10:26:51 | F2: 2026-08-07 10:26:54 | G2: 3 | H2: 2.93 | I2: =IF(G2=0,0,H2/G2*100) | J2: =IF(ISNUMBER(SEARCH("auditory",C2)),COUNTIF($C$2:C2,"*auditory*"),"") | K2: =IF(ISNUMBER(SEARCH("visual",C2)),COUNTIF($C$2:C2,"*visual*"),"") | L2: =IF(COUNT($J$2:J2)=0,"",SUMPRODUCT(($J$2:J2<>""),$I$2:I2,POWER('Session Summary'!$G$2,IF($J$2:J2<>"",COUNT($J$2:J2)-$J$2:J2,0)))) | M2: =IF(COUNT($J$2:J2)=0,"",SUMPRODUCT(($J$2:J2<>""),POWER('Session Summary'!$G$2,IF($J$2:J2<>"",COUNT($J$2:J2)-$J$2:J2,0)))) | N2: =IF(M2=0,"",L2/M2) | O2: =IF(COUNT($K$2:K2)=0,"",SUMPRODUCT(($K$2:K2<>""),$I$2:I2,POWER('Session Summary'!$G$2,IF($K$2:K2<>"",COUNT($K$2:K2)-$K$2:K2,0)))) | P2: =IF(COUNT($K$2:K2)=0,"",SUMPRODUCT(($K$2:K2<>""),POWER('Session Summary'!$G$2,IF($K$2:K2<>"",COUNT($K$2:K2)-$K$2:K2,0)))) | Q2: =IF(P2=0,"",O2/P2) | R2: 0.5
A3: 227177 | B3: 07082026 | C3: AuditoryTraining | D3: 2 | E3: 2026-08-07 10:26:57 | F3: 2026-08-07 10:27:00 | G3: 3 | H3: 2.44 | I3: =IF(G3=0,0,H3/G3*100) | J3: =IF(ISNUMBER(SEARCH("auditory",C3)),COUNTIF($C$2:C3,"*auditory*"),"") | K3: =IF(ISNUMBER(SEARCH("visual",C3)),COUNTIF($C$2:C3,"*visual*"),"") | L3: =IF(COUNT($J$2:J3)=0,"",SUMPRODUCT(($J$2:J3<>""),$I$2:I3,POWER('Session Summary'!$G$2,IF($J$2:J3<>"",COUNT($J$2:J3)-$J$2:J3,0)))) | M3: =IF(COUNT($J$2:J3)=0,"",SUMPRODUCT(($J$2:J3<>""),POWER('Session Summary'!$G$2,IF($J$2:J3<>"",COUNT($J$2:J3)-$J$2:J3,0)))) | N3: =IF(M3=0,"",L3/M3) | O3: =IF(COUNT($K$2:K3)=0,"",SUMPRODUCT(($K$2:K3<>""),$I$2:I3,POWER('Session Summary'!$G$2,IF($K$2:K3<>"",COUNT($K$2:K3)-$K$2:K3,0)))) | P3: =IF(COUNT($K$2:K3)=0,"",SUMPRODUCT(($K$2:K3<>""),POWER('Session Summary'!$G$2,IF($K$2:K3<>"",COUNT($K$2:K3)-$K$2:K3,0)))) | Q3: =IF(P3=0,"",O3/P3) | R3: 0.5
A4: 227177 | B4: 07082026 | C4: AuditoryTraining | D4: 3 | E4: 2026-08-07 10:27:03 | F4: 2026-08-07 10:27:06 | G4: 3 | H4: 1.87 | I4: =IF(G4=0,0,H4/G4*100) | J4: =IF(ISNUMBER(SEARCH("auditory",C4)),COUNTIF($C$2:C4,"*auditory*"),"") | K4: =IF(ISNUMBER(SEARCH("visual",C4)),COUNTIF($C$2:C4,"*visual*"),"") | L4: =IF(COUNT($J$2:J4)=0,"",SUMPRODUCT(($J$2:J4<>""),$I$2:I4,POWER('Session Summary'!$G$2,IF($J$2:J4<>"",COUNT($J$2:J4)-$J$2:J4,0)))) | M4: =IF(COUNT($J$2:J4)=0,"",SUMPRODUCT(($J$2:J4<>""),POWER('Session Summary'!$G$2,IF($J$2:J4<>"",COUNT($J$2:J4)-$J$2:J4,0)))) | N4: =IF(M4=0,"",L4/M4) | O4: =IF(COUNT($K$2:K4)=0,"",SUMPRODUCT(($K$2:K4<>""),$I$2:I4,POWER('Session Summary'!$G$2,IF($K$2:K4<>"",COUNT($K$2:K4)-$K$2:K4,0)))) | P4: =IF(COUNT($K$2:K4)=0,"",SUMPRODUCT(($K$2:K4<>""),POWER('Session Summary'!$G$2,IF($K$2:K4<>"",COUNT($K$2:K4)-$K$2:K4,0)))) | Q4: =IF(P4=0,"",O4/P4) | R4: 0.5
A5: 227177 | B5: 07082026 | C5: VisualTraining | D5: 4 | E5: 2026-08-07 10:27:09 | F5: 2026-08-07 10:27:12 | G5: 3 | H5: 1.3 | I5: =IF(G5=0,0,H5/G5*100) | J5: =IF(ISNUMBER(SEARCH("auditory",C5)),COUNTIF($C$2:C5,"*auditory*"),"") | K5: =IF(ISNUMBER(SEARCH("visual",C5)),COUNTIF($C$2:C5,"*visual*"),"") | L5: =IF(COUNT($J$2:J5)=0,"",SUMPRODUCT(($J$2:J5<>""),$I$2:I5,POWER('Session Summary'!$G$2,IF($J$2:J5<>"",COUNT($J$2:J5)-$J$2:J5,0)))) | M5: =IF(COUNT($J$2:J5)=0,"",SUMPRODUCT(($J$2:J5<>""),POWER('Session Summary'!$G$2,IF($J$2:J5<>"",COUNT($J$2:J5)-$J$2:J5,0)))) | N5: =IF(M5=0,"",L5/M5) | O5: =IF(COUNT($K$2:K5)=0,"",SUMPRODUCT(($K$2:K5<>""),$I$2:I5,POWER('Session Summary'!$G$2,IF($K$2:K5<>"",COUNT($K$2:K5)-$K$2:K5,0)))) | P5: =IF(COUNT($K$2:K5)=0,"",SUMPRODUCT(($K$2:K5<>""),POWER('Session Summary'!$G$2,IF($K$2:K5<>"",COUNT($K$2:K5)-$K$2:K5,0)))) | Q5: =IF(P5=0,"",O5/P5) | R5: 0.5
A6: 227177 | B6: 07082026 | C6: VisualTraining | D6: 5 | E6: 2026-08-07 10:27:15 | F6: 2026-08-07 10:27:18 | G6: 3 | H6: 2.57 | I6: =IF(G6=0,0,H6/G6*100) | J6: =IF(ISNUMBER(SEARCH("auditory",C6)),COUNTIF($C$2:C6,"*auditory*"),"") | K6: =IF(ISNUMBER(SEARCH("visual",C6)),COUNTIF($C$2:C6,"*visual*"),"") | L6: =IF(COUNT($J$2:J6)=0,"",SUMPRODUCT(($J$2:J6<>""),$I$2:I6,POWER('Session Summary'!$G$2,IF($J$2:J6<>"",COUNT($J$2:J6)-$J$2:J6,0)))) | M6: =IF(COUNT($J$2:J6)=0,"",SUMPRODUCT(($J$2:J6<>""),POWER('Session Summary'!$G$2,IF($J$2:J6<>"",COUNT($J$2:J6)-$J$2:J6,0)))) | N6: =IF(M6=0,"",L6/M6) | O6: =IF(COUNT($K$2:K6)=0,"",SUMPRODUCT(($K$2:K6<>""),$I$2:I6,POWER('Session Summary'!$G$2,IF($K$2:K6<>"",COUNT($K$2:K6)-$K$2:K6,0)))) | P6: =IF(COUNT($K$2:K6)=0,"",SUMPRODUCT(($K$2:K6<>""),POWER('Session Summary'!$G$2,IF($K$2:K6<>"",COUNT($K$2:K6)-$K$2:K6,0)))) | Q6: =IF(P6=0,"",O6/P6) | R6: 0.5
A7: 227177 | B7: 07082026 | C7: AuditoryTraining | D7: 6 | E7: 2026-08-07 10:27:20 | F7: 2026-08-07 10:27:23 | G7: 3 | H7: 2.36 | I7: =IF(G7=0,0,H7/G7*100) | J7: =IF(ISNUMBER(SEARCH("auditory",C7)),COUNTIF($C$2:C7,"*auditory*"),"") | K7: =IF(ISNUMBER(SEARCH("visual",C7)),COUNTIF($C$2:C7,"*visual*"),"") | L7: =IF(COUNT($J$2:J7)=0,"",SUMPRODUCT(($J$2:J7<>""),$I$2:I7,POWER('Session Summary'!$G$2,IF($J$2:J7<>"",COUNT($J$2:J7)-$J$2:J7,0)))) | M7: =IF(COUNT($J$2:J7)=0,"",SUMPRODUCT(($J$2:J7<>""),POWER('Session Summary'!$G$2,IF($J$2:J7<>"",COUNT($J$2:J7)-$J$2:J7,0)))) | N7: =IF(M7=0,"",L7/M7) | O7: =IF(COUNT($K$2:K7)=0,"",SUMPRODUCT(($K$2:K7<>""),$I$2:I7,POWER('Session Summary'!$G$2,IF($K$2:K7<>"",COUNT($K$2:K7)-$K$2:K7,0)))) | P7: =IF(COUNT($K$2:K7)=0,"",SUMPRODUCT(($K$2:K7<>""),POWER('Session Summary'!$G$2,IF($K$2:K7<>"",COUNT($K$2:K7)-$K$2:K7,0)))) | Q7: =IF(P7=0,"",O7/P7) | R7: 0.5
