Workbook

Sheet Session Summary
A1: session id | B1: date | C1: auditory training length | D1: visual training length | E1: started | F1: last updated | G1: decay d | H1: auditory weighted sum | I1: auditory weight sum | J1: visual weighted sum | K1: visual weight sum
A2: 574185 | B2: 24082026 | C2: =IFERROR(AVERAGEIF('Training Runs'!$C:$C,"*auditory*",'Training Runs'!$H:$H),"") | D2: =IFERROR(AVERAGEIF('Training Runs'!$C:$C,"*visual*",'Training Runs'!$H:$H),"") -> 21 | E2: 2026-08-24 15:38:21 | F2: 2026-08-24 15:38:21 | G2: 0.7 | H2: ='Training Runs'!M2 -> 0 | I2: ='Training Runs'!N2 -> 0 | J2: ='Training Runs'!P2 -> 39.38609 | K2: ='Training Runs'!Q2 -> 1
B6: auditory accuracy | C6: visual accuracy | D6: auditory weighted | E6: visual weighted | F6: timestamp
B7: =IF(ISNUMBER(SEARCH("auditory",'Training Runs'!C2)),'Training Runs'!J2,"") | C7: =IF(ISNUMBER(SEARCH("visual",'Training Runs'!C2)),'Training Runs'!J2,"") -> 39.38609 | D7: ='Training Runs'!O2 | E7: ='Training Runs'!R2 -> 39.38609 | F7: 15:38:21
A9: Raw average | B9: =IFERROR(AVERAGEIF('Training Runs'!$C:$C,"*auditory*",'Training Runs'!$J:$J),"") | C9: =IFERROR(AVERAGEIF('Training Runs'!$C:$C,"*visual*",'Training Runs'!$J:$J),"") -> 39.38609
A10: Weighted average | D10: ='Training Runs'!O2 | E10: ='Training Runs'!R2 -> 39.38609

Sheet Training Runs
A1: session id | B1: date | C1: training type | D1: training scene | E1: run | F1: started timestamp | G1: ended timestamp | H1: duration seconds | I1: focused seconds | J1: focused percentage | K1: auditory run index | L1: visual run index | M1: auditory weighted sum | N1: auditory weight sum | O1: auditory weighted average | P1: visual weighted sum | Q1: visual weight sum | R1: visual weighted average | S1: hrv threshold
A2: 574185 | B2: 24082026 | C2: VisualTraining | D2: Train | E2: 1 | F2: 2026-08-24 15:38:00 | G2: 2026-08-24 15:38:21 | H2: 21 | I2: 8.27 | J2: =IF(H2=0,0,I2/H2*100) -> 39.38609 | K2: =IF(ISNUMBER(SEARCH("auditory",C2)),COUNTIF($C$2:C2,"*auditory*"),"") | L2: =IF(ISNUMBER(SEARCH("visual",C2)),COUNTIF($C$2:C2,"*visual*"),"") -> 1 | M2: =IF(ISNUMBER(SEARCH("auditory",C2)),J2,0) -> 0 | N2: =IF(ISNUMBER(SEARCH("auditory",C2)),1,0) -> 0 | O2: =IF(N2=0,"",M2/N2) | P2: =IF(ISNUMBER(SEARCH("visual",C2)),J2,0) -> 39.38609 | Q2: =IF(ISNUMBER(SEARCH("visual",C2)),1,0) -> 1 | R2: =IF(Q2=0,"",P2/Q2) -> 39.38609 | S2: 0.9
