Workbook

Sheet Session Summary
A1: session id | B1: date | C1: auditory training length | D1: visual training length | E1: started | F1: last updated | G1: decay d | H1: auditory weighted sum | I1: auditory weight sum | J1: visual weighted sum | K1: visual weight sum
A2: 368517 | B2: 24082026 | C2: =IFERROR(AVERAGEIF('Training Runs'!$C:$C,"*auditory*",'Training Runs'!$H:$H),"") | D2: =IFERROR(AVERAGEIF('Training Runs'!$C:$C,"*visual*",'Training Runs'!$H:$H),"") -> 21 | E2: 2026-08-24 15:23:03 | F2: 2026-08-24 15:23:31 | G2: 0.7 | H2: ='Training Runs'!M3 -> 0 | I2: ='Training Runs'!N3 -> 0 | J2: ='Training Runs'!P3 -> 80.69955 | K2: ='Training Runs'!Q3 -> 1.7
B6: auditory accuracy | C6: visual accuracy | D6: auditory weighted | E6: visual weighted | F6: timestamp
B7: =IF(ISNUMBER(SEARCH("auditory",'Training Runs'!C2)),'Training Runs'!J2,"") | C7: =IF(ISNUMBER(SEARCH("visual",'Training Runs'!C2)),'Training Runs'!J2,"") -> 44.45174 | D7: ='Training Runs'!O2 | E7: ='Training Runs'!R2 -> 44.45174 | F7: 15:23:03
B8: =IF(ISNUMBER(SEARCH("auditory",'Training Runs'!C3)),'Training Runs'!J3,"") | C8: =IF(ISNUMBER(SEARCH("visual",'Training Runs'!C3)),'Training Runs'!J3,"") -> 49.58334 | D8: ='Training Runs'!O3 | E8: ='Training Runs'!R3 -> 47.47033 | F8: 15:23:31
A10: Raw average | B10: =IFERROR(AVERAGEIF('Training Runs'!$C:$C,"*auditory*",'Training Runs'!$J:$J),"") | C10: =IFERROR(AVERAGEIF('Training Runs'!$C:$C,"*visual*",'Training Runs'!$J:$J),"") -> 47.01754
A11: Weighted average | D11: ='Training Runs'!O3 | E11: ='Training Runs'!R3 -> 47.47033

Sheet Training Runs
A1: session id | B1: date | C1: training type | D1: training scene | E1: run | F1: started timestamp | G1: ended timestamp | H1: duration seconds | I1: focused seconds | J1: focused percentage | K1: auditory run index | L1: visual run index | M1: auditory weighted sum | N1: auditory weight sum | O1: auditory weighted average | P1: visual weighted sum | Q1: visual weight sum | R1: visual weighted average | S1: hrv threshold
A2: 368517 | B2: 24082026 | C2: VisualTraining | D2: Train | E2: 1 | F2: 2026-08-24 15:22:42 | G2: 2026-08-24 15:23:03 | H2: 21 | I2: 9.33 | J2: =IF(H2=0,0,I2/H2*100) -> 44.45174 | K2: =IF(ISNUMBER(SEARCH("auditory",C2)),COUNTIF($C$2:C2,"*auditory*"),"") | L2: =IF(ISNUMBER(SEARCH("visual",C2)),COUNTIF($C$2:C2,"*visual*"),"") -> 1 | M2: =IF(ISNUMBER(SEARCH("auditory",C2)),J2,0) -> 0 | N2: =IF(ISNUMBER(SEARCH("auditory",C2)),1,0) -> 0 | O2: =IF(N2=0,"",M2/N2) | P2: =IF(ISNUMBER(SEARCH("visual",C2)),J2,0) -> 44.45174 | Q2: =IF(ISNUMBER(SEARCH("visual",C2)),1,0) -> 1 | R2: =IF(Q2=0,"",P2/Q2) -> 44.45174 | S2: 0.9
A3: 368517 | B3: 24082026 | C3: VisualTraining | D3: Train | E3: 2 | F3: 2026-08-24 15:23:10 | G3: 2026-08-24 15:23:31 | H3: 21 | I3: 10.41 | J3: =IF(H3=0,0,I3/H3*100) -> 49.58334 | K3: =IF(ISNUMBER(SEARCH("auditory",C3)),COUNTIF($C$2:C3,"*auditory*"),"") | L3: =IF(ISNUMBER(SEARCH("visual",C3)),COUNTIF($C$2:C3,"*visual*"),"") -> 2 | M3: =IF(ISNUMBER(SEARCH("auditory",C3)),J3+'Session Summary'!$G$2*M2,M2) -> 0 | N3: =IF(ISNUMBER(SEARCH("auditory",C3)),1+'Session Summary'!$G$2*N2,N2) -> 0 | O3: =IF(N3=0,"",M3/N3) | P3: =IF(ISNUMBER(SEARCH("visual",C3)),J3+'Session Summary'!$G$2*P2,P2) -> 80.69955 | Q3: =IF(ISNUMBER(SEARCH("visual",C3)),1+'Session Summary'!$G$2*Q2,Q2) -> 1.7 | R3: =IF(Q3=0,"",P3/Q3) -> 47.47033 | S3: 0.9
