Workbook

Sheet Session Summary
A1: session id | B1: date | C1: auditory training length | D1: visual training length | E1: started | F1: last updated | G1: decay d | H1: auditory weighted sum | I1: auditory weight sum | J1: visual weighted sum | K1: visual weight sum
A2: 884548 | B2: 07082026 | C2: =IFERROR(AVERAGEIF('Training Runs'!$C:$C,"*auditory*",'Training Runs'!$G:$G),"") -> 3 | D2: =IFERROR(AVERAGEIF('Training Runs'!$C:$C,"*visual*",'Training Runs'!$G:$G),"") -> 3 | E2: 2026-08-07 11:20:01 | F2: 2026-08-07 11:23:01 | G2: 0.7 | H2: ='Training Runs'!L5 -> 120.0254 | I2: ='Training Runs'!M5 -> 2.19 | J2: ='Training Runs'!O5 -> 90.92256 | K2: ='Training Runs'!P5 -> 1
B6: auditory accuracy | C6: visual accuracy | D6: auditory weighted | E6: visual weighted | F6: timestamp
B7: =IF(ISNUMBER(SEARCH("auditory",'Training Runs'!C2)),'Training Runs'!I2,"") -> 99.17316 | C7: =IF(ISNUMBER(SEARCH("visual",'Training Runs'!C2)),'Training Runs'!I2,"") | D7: ='Training Runs'!N2 -> 99.17316 | E7: ='Training Runs'!Q2 | F7: 11:21:15
B8: =IF(ISNUMBER(SEARCH("auditory",'Training Runs'!C3)),'Training Runs'!I3,"") -> 36.08648 | C8: =IF(ISNUMBER(SEARCH("visual",'Training Runs'!C3)),'Training Runs'!I3,"") | D8: ='Training Runs'!N3 -> 62.06335 | E8: ='Training Runs'!Q3 | F8: 11:21:42
B9: =IF(ISNUMBER(SEARCH("auditory",'Training Runs'!C4)),'Training Runs'!I4,"") -> 46.16999 | C9: =IF(ISNUMBER(SEARCH("visual",'Training Runs'!C4)),'Training Runs'!I4,"") | D9: ='Training Runs'!N4 -> 54.80611 | E9: ='Training Runs'!Q4 | F9: 11:22:21
B10: =IF(ISNUMBER(SEARCH("auditory",'Training Runs'!C5)),'Training Runs'!I5,"") | C10: =IF(ISNUMBER(SEARCH("visual",'Training Runs'!C5)),'Training Runs'!I5,"") -> 90.92256 | D10: ='Training Runs'!N5 -> 54.80611 | E10: ='Training Runs'!Q5 -> 90.92256 | F10: 11:23:01
A12: Raw average | B12: =IFERROR(AVERAGEIF('Training Runs'!$C:$C,"*auditory*",'Training Runs'!$I:$I),"") -> 60.47654 | C12: =IFERROR(AVERAGEIF('Training Runs'!$C:$C,"*visual*",'Training Runs'!$I:$I),"") -> 90.92256
A13: Weighted average | D13: ='Training Runs'!N5 -> 54.80611 | E13: ='Training Runs'!Q5 -> 90.92256

Sheet Training Runs
A1: session id | B1: date | C1: training type | D1: run | E1: started timestamp | F1: ended timestamp | G1: duration seconds | H1: focused seconds | I1: focused percentage | J1: auditory run index | K1: visual run index | L1: auditory weighted sum | M1: auditory weight sum | N1: auditory weighted average | O1: visual weighted sum | P1: visual weight sum | Q1: visual weighted average | R1: hrv threshold
A2: 884548 | B2: 07082026 | C2: AuditoryTraining | D2: 1 | E2: 2026-08-07 11:21:12 | F2: 2026-08-07 11:21:15 | G2: 3 | H2: 2.98 | I2: =IF(G2=0,0,H2/G2*100) -> 99.17316 | J2: =IF(ISNUMBER(SEARCH("auditory",C2)),COUNTIF($C$2:C2,"*auditory*"),"") -> 1 | K2: =IF(ISNUMBER(SEARCH("visual",C2)),COUNTIF($C$2:C2,"*visual*"),"") | L2: =IF(ISNUMBER(SEARCH("auditory",C2)),I2,0) -> 99.17316 | M2: =IF(ISNUMBER(SEARCH("auditory",C2)),1,0) -> 1 | N2: =IF(M2=0,"",L2/M2) -> 99.17316 | O2: =IF(ISNUMBER(SEARCH("visual",C2)),I2,0) -> 0 | P2: =IF(ISNUMBER(SEARCH("visual",C2)),1,0) -> 0 | Q2: =IF(P2=0,"",O2/P2) | R2: 0.5
A3: 884548 | B3: 07082026 | C3: AuditoryTraining | D3: 2 | E3: 2026-08-07 11:21:39 | F3: 2026-08-07 11:21:42 | G3: 3 | H3: 1.08 | I3: =IF(G3=0,0,H3/G3*100) -> 36.08648 | J3: =IF(ISNUMBER(SEARCH("auditory",C3)),COUNTIF($C$2:C3,"*auditory*"),"") -> 2 | K3: =IF(ISNUMBER(SEARCH("visual",C3)),COUNTIF($C$2:C3,"*visual*"),"") | L3: =IF(ISNUMBER(SEARCH("auditory",C3)),I3+'Session Summary'!$G$2*L2,L2) -> 105.5077 | M3: =IF(ISNUMBER(SEARCH("auditory",C3)),1+'Session Summary'!$G$2*M2,M2) -> 1.7 | N3: =IF(M3=0,"",L3/M3) -> 62.06335 | O3: =IF(ISNUMBER(SEARCH("visual",C3)),I3+'Session Summary'!$G$2*O2,O2) -> 0 | P3: =IF(ISNUMBER(SEARCH("visual",C3)),1+'Session Summary'!$G$2*P2,P2) -> 0 | Q3: =IF(P3=0,"",O3/P3) | R3: 0.5
A4: 884548 | B4: 07082026 | C4: AuditoryTraining | D4: 3 | E4: 2026-08-07 11:22:18 | F4: 2026-08-07 11:22:21 | G4: 3 | H4: 1.39 | I4: =IF(G4=0,0,H4/G4*100) -> 46.16999 | J4: =IF(ISNUMBER(SEARCH("auditory",C4)),COUNTIF($C$2:C4,"*auditory*"),"") -> 3 | K4: =IF(ISNUMBER(SEARCH("visual",C4)),COUNTIF($C$2:C4,"*visual*"),"") | L4: =IF(ISNUMBER(SEARCH("auditory",C4)),I4+'Session Summary'!$G$2*L3,L3) -> 120.0254 | M4: =IF(ISNUMBER(SEARCH("auditory",C4)),1+'Session Summary'!$G$2*M3,M3) -> 2.19 | N4: =IF(M4=0,"",L4/M4) -> 54.80611 | O4: =IF(ISNUMBER(SEARCH("visual",C4)),I4+'Session Summary'!$G$2*O3,O3) -> 0 | P4: =IF(ISNUMBER(SEARCH("visual",C4)),1+'Session Summary'!$G$2*P3,P3) -> 0 | Q4: =IF(P4=0,"",O4/P4) | R4: 0.5
A5: 884548 | B5: 07082026 | C5: VisualTraining | D5: 4 | E5: 2026-08-07 11:22:58 | F5: 2026-08-07 11:23:01 | G5: 3 | H5: 2.73 | I5: =IF(G5=0,0,H5/G5*100) -> 90.92256 | J5: =IF(ISNUMBER(SEARCH("auditory",C5)),COUNTIF($C$2:C5,"*auditory*"),"") | K5: =IF(ISNUMBER(SEARCH("visual",C5)),COUNTIF($C$2:C5,"*visual*"),"") -> 1 | L5: =IF(ISNUMBER(SEARCH("auditory",C5)),I5+'Session Summary'!$G$2*L4,L4) -> 120.0254 | M5: =IF(ISNUMBER(SEARCH("auditory",C5)),1+'Session Summary'!$G$2*M4,M4) -> 2.19 | N5: =IF(M5=0,"",L5/M5) -> 54.80611 | O5: =IF(ISNUMBER(SEARCH("visual",C5)),I5+'Session Summary'!$G$2*O4,O4) -> 90.92256 | P5: =IF(ISNUMBER(SEARCH("visual",C5)),1+'Session Summary'!$G$2*P4,P4) -> 1 | Q5: =IF(P5=0,"",O5/P5) -> 90.92256 | R5: 0.5
