Workbook

Sheet Session Summary
A1: session id | B1: date | C1: auditory training length | D1: visual training length | E1: started | F1: last updated | G1: decay d | H1: auditory weighted sum | I1: auditory weight sum | J1: visual weighted sum | K1: visual weight sum
A2: 991422 | B2: 07082026 | C2: =IFERROR(AVERAGEIF('Training Runs'!$C:$C,"*auditory*",'Training Runs'!$G:$G),"") -> 3 | D2: =IFERROR(AVERAGEIF('Training Runs'!$C:$C,"*visual*",'Training Runs'!$G:$G),"") | E2: 2026-08-07 11:26:02 | F2: 2026-08-07 11:26:02 | G2: 0.7 | H2: ='Training Runs'!L2 -> 61.93439 | I2: ='Training Runs'!M2 -> 1 | J2: ='Training Runs'!O2 -> 0 | K2: ='Training Runs'!P2 -> 0
B6: auditory accuracy | C6: visual accuracy | D6: auditory weighted | E6: visual weighted | F6: timestamp
B7: =IF(ISNUMBER(SEARCH("auditory",'Training Runs'!C2)),'Training Runs'!I2,"") -> 61.93439 | C7: =IF(ISNUMBER(SEARCH("visual",'Training Runs'!C2)),'Training Runs'!I2,"") | D7: ='Training Runs'!N2 -> 61.93439 | E7: ='Training Runs'!Q2 | F7: 11:26:02
A9: Raw average | B9: =IFERROR(AVERAGEIF('Training Runs'!$C:$C,"*auditory*",'Training Runs'!$I:$I),"") -> 61.93439 | C9: =IFERROR(AVERAGEIF('Training Runs'!$C:$C,"*visual*",'Training Runs'!$I:$I),"")
A10: Weighted average | D10: ='Training Runs'!N2 -> 61.93439 | E10: ='Training Runs'!Q2

Sheet Training Runs
A1: session id | B1: date | C1: training type | D1: run | E1: started timestamp | F1: ended timestamp | G1: duration seconds | H1: focused seconds | I1: focused percentage | J1: auditory run index | K1: visual run index | L1: auditory weighted sum | M1: auditory weight sum | N1: auditory weighted average | O1: visual weighted sum | P1: visual weight sum | Q1: visual weighted average | R1: hrv threshold
A2: 991422 | B2: 07082026 | C2: AuditoryTraining | D2: 1 | E2: 2026-08-07 11:25:59 | F2: 2026-08-07 11:26:02 | G2: 3 | H2: 1.86 | I2: =IF(G2=0,0,H2/G2*100) -> 61.93439 | J2: =IF(ISNUMBER(SEARCH("auditory",C2)),COUNTIF($C$2:C2,"*auditory*"),"") -> 1 | K2: =IF(ISNUMBER(SEARCH("visual",C2)),COUNTIF($C$2:C2,"*visual*"),"") | L2: =IF(ISNUMBER(SEARCH("auditory",C2)),I2,0) -> 61.93439 | M2: =IF(ISNUMBER(SEARCH("auditory",C2)),1,0) -> 1 | N2: =IF(M2=0,"",L2/M2) -> 61.93439 | O2: =IF(ISNUMBER(SEARCH("visual",C2)),I2,0) -> 0 | P2: =IF(ISNUMBER(SEARCH("visual",C2)),1,0) -> 0 | Q2: =IF(P2=0,"",O2/P2) | R2: 0.5
